timestamp,pair,side,quantity,price,value,commission
2026-03-01 00:00:00+00:00,TRX/USD,BUY,43815.73961926175,0.2818,12347.275424707961,1.2347275424707962
2026-03-01 01:00:00+00:00,TRX/USD,SELL,8763.147923852352,0.2829,2479.09454765783,0.247909454765783
2026-03-01 01:00:00+00:00,TRX/USD,SELL,35052.5916954094,0.2829,9916.378190631318,0.9916378190631319
2026-03-01 02:00:00+00:00,TRX/USD,BUY,42263.66152532237,0.2822,11926.805282445974,1.1926805282445974
2026-03-01 03:00:00+00:00,TRX/USD,SELL,8452.732305064475,0.2821,2384.5157832586888,0.23845157832586888
2026-03-01 03:00:00+00:00,TRX/USD,SELL,33810.929220257894,0.2821,9538.063133034753,0.9538063133034753
2026-03-01 04:00:00+00:00,TRX/USD,BUY,42243.86296714072,0.2822,11921.218129327111,1.1921218129327111
2026-03-01 05:00:00+00:00,TRX/USD,SELL,8448.772593428144,0.2823,2385.088503124765,0.2385088503124765
2026-03-01 05:00:00+00:00,TRX/USD,SELL,33795.09037371258,0.2823,9540.35401249906,0.954035401249906
2026-03-01 06:00:00+00:00,TRX/USD,BUY,42943.02448800342,0.2821,12114.227208065766,1.2114227208065766
2026-03-01 07:00:00+00:00,TRX/USD,SELL,8588.604897600684,0.2817,2419.4099996541127,0.24194099996541127
2026-03-01 07:00:00+00:00,TRX/USD,SELL,34354.41959040274,0.2817,9677.63999861645,0.9677639998616451
2026-03-01 08:00:00+00:00,BNB/USD,BUY,5.419504107509383,620.15,3360.9054722719434,0.33609054722719434
2026-03-01 08:00:00+00:00,TRX/USD,BUY,42686.498546954026,0.2814,12011.980691112862,1.2011980691112862
2026-03-01 09:00:00+00:00,TRX/USD,SELL,8537.299709390805,0.2811,2399.8349483097554,0.23998349483097556
2026-03-01 09:00:00+00:00,TRX/USD,SELL,34149.19883756322,0.2811,9599.339793239022,0.9599339793239022
2026-03-01 10:00:00+00:00,TRX/USD,BUY,45053.37690097843,0.2811,12664.504246865037,1.2664504246865038
2026-03-01 11:00:00+00:00,TRX/USD,SELL,9010.675380195686,0.2811,2532.9008493730075,0.25329008493730076
2026-03-01 11:00:00+00:00,TRX/USD,SELL,36042.70152078274,0.2811,10131.60339749203,1.013160339749203
2026-03-01 12:00:00+00:00,TRX/USD,BUY,47157.965417931126,0.2808,13241.95668935506,1.324195668935506
2026-03-01 13:00:00+00:00,TRX/USD,SELL,9431.593083586225,0.282,2659.7092495713155,0.26597092495713154
2026-03-01 13:00:00+00:00,TRX/USD,SELL,37726.3723343449,0.282,10638.836998285262,1.0638836998285262
2026-03-01 14:00:00+00:00,TRX/USD,BUY,48566.15895722637,0.2816,13676.230362354947,1.3676230362354949
2026-03-01 15:00:00+00:00,TRX/USD,SELL,9713.231791445274,0.2816,2735.2460724709895,0.273524607247099
2026-03-01 15:00:00+00:00,TRX/USD,SELL,38852.9271657811,0.2816,10940.984289883958,1.094098428988396
2026-03-01 16:00:00+00:00,TRX/USD,BUY,45737.866630092874,0.2814,12870.635669708134,1.2870635669708135
2026-03-01 17:00:00+00:00,TRX/USD,SELL,9147.573326018575,0.2812,2572.2976192764236,0.25722976192764235
2026-03-01 17:00:00+00:00,TRX/USD,SELL,36590.2933040743,0.2812,10289.190477105694,1.0289190477105694
2026-03-01 18:00:00+00:00,TRX/USD,BUY,46272.994910317306,0.2813,13016.593468272258,1.301659346827226
2026-03-01 19:00:00+00:00,TRX/USD,SELL,9254.598982063462,0.2807,2597.7659342652137,0.2597765934265214
2026-03-01 19:00:00+00:00,TRX/USD,SELL,37018.39592825384,0.2807,10391.063737060853,1.0391063737060853
2026-03-01 20:00:00+00:00,BNB/USD,SELL,1.0839008215018766,612.53,663.9217701945445,0.06639217701945445
2026-03-01 20:00:00+00:00,BNB/USD,SELL,4.335603286007506,612.53,2655.687080778178,0.2655687080778178
2026-03-01 20:00:00+00:00,TRX/USD,BUY,49944.9971819461,0.2803,13999.582710099492,1.3999582710099492
2026-03-01 21:00:00+00:00,TRX/USD,SELL,9988.99943638922,0.2803,2799.9165420198983,0.27999165420198985
2026-03-01 21:00:00+00:00,TRX/USD,SELL,39955.99774555688,0.2803,11199.666168079593,1.1199666168079594
2026-03-01 22:00:00+00:00,TRX/USD,BUY,49115.46698622041,0.2805,13776.888489634826,1.3776888489634826
2026-03-01 22:00:00+00:00,BNB/USD,BUY,5.835633104610583,615.32,3590.781761928984,0.3590781761928984
2026-03-01 23:00:00+00:00,TRX/USD,SELL,9823.093397244082,0.2807,2757.342316606414,0.2757342316606414
2026-03-01 23:00:00+00:00,TRX/USD,SELL,39292.37358897633,0.2807,11029.369266425656,1.1029369266425657
2026-03-02 00:00:00+00:00,TRX/USD,BUY,35783.26993883931,0.281,10055.098852813846,1.0055098852813846
2026-03-02 01:00:00+00:00,TRX/USD,SELL,7156.653987767862,0.2818,2016.7450937529836,0.20167450937529838
2026-03-02 01:00:00+00:00,TRX/USD,SELL,28626.615951071446,0.2818,8066.980375011934,0.8066980375011934
2026-03-02 02:00:00+00:00,TRX/USD,BUY,25013.80827189934,0.2815,7041.387028539663,0.7041387028539664
2026-03-02 03:00:00+00:00,TRX/USD,SELL,5002.761654379869,0.2812,1406.776577211619,0.14067765772116192
2026-03-02 03:00:00+00:00,TRX/USD,SELL,20011.04661751947,0.2812,5627.106308846475,0.5627106308846476
2026-03-02 04:00:00+00:00,TRX/USD,BUY,18578.727309778296,0.2812,5224.338119509657,0.5224338119509657
2026-03-02 05:00:00+00:00,TRX/USD,SELL,3715.7454619556593,0.2812,1044.8676239019314,0.10448676239019315
2026-03-02 05:00:00+00:00,TRX/USD,SELL,14862.981847822637,0.2812,4179.470495607726,0.4179470495607726
2026-03-02 06:00:00+00:00,BNB/USD,SELL,5.835633104610583,617.25,3602.0445338208824,0.3602044533820883
2026-03-02 06:00:00+00:00,BNB/USD,BUY,8.379707020601828,617.25,5172.374158466478,0.5172374158466478
2026-03-02 06:00:00+00:00,TRX/USD,BUY,23575.382439830482,0.2812,6629.397542080332,0.6629397542080332
2026-03-02 07:00:00+00:00,TRX/USD,SELL,4715.0764879660965,0.2813,1326.351016064863,0.1326351016064863
2026-03-02 07:00:00+00:00,BNB/USD,SELL,8.379707020601828,616.67,5167.513928394529,0.5167513928394529
2026-03-02 07:00:00+00:00,TRX/USD,SELL,18860.305951864386,0.2813,5305.404064259452,0.5305404064259452
2026-03-02 08:00:00+00:00,BNB/USD,BUY,10.417226941395231,618.57,6443.784069138849,0.6443784069138849
2026-03-02 08:00:00+00:00,TRX/USD,BUY,16484.31939010495,0.2815,4640.335908314542,0.46403359083145423
2026-03-02 09:00:00+00:00,TRX/USD,SELL,3296.86387802099,0.2816,928.3968680507109,0.09283968680507108
2026-03-02 09:00:00+00:00,BNB/USD,SELL,10.417226941395231,618.92,6447.430098568336,0.6447430098568336
2026-03-02 09:00:00+00:00,TRX/USD,SELL,13187.45551208396,0.2816,3713.5874722028434,0.37135874722028434
2026-03-02 10:00:00+00:00,BNB/USD,BUY,10.03862161420865,621.01,6234.084408639713,0.6234084408639713
2026-03-02 10:00:00+00:00,TRX/USD,BUY,11802.142131401795,0.2815,3322.303009989605,0.3322303009989605
2026-03-02 11:00:00+00:00,TRX/USD,SELL,2360.428426280359,0.2815,664.460601997921,0.0664460601997921
2026-03-02 11:00:00+00:00,TRX/USD,SELL,9441.713705121436,0.2815,2657.842407991684,0.2657842407991684
2026-03-02 12:00:00+00:00,TRX/USD,BUY,17457.765651712332,0.2816,4916.106807522193,0.4916106807522193
2026-03-02 13:00:00+00:00,TRX/USD,SELL,17457.765651712332,0.2815,4914.361030957021,0.4914361030957021
2026-03-02 14:00:00+00:00,BNB/USD,SELL,7.657517575627139,633.97,4854.636417420337,0.48546364174203377
2026-03-02 14:00:00+00:00,BTC/USD,BUY,0.0461066129139027,67177.06,3097.3067021140164,0.30973067021140166
2026-03-02 14:00:00+00:00,AAVE/USD,BUY,29.600567742839416,118.11,3496.1230561067637,0.3496123056106764
2026-03-02 14:00:00+00:00,SOL/USD,BUY,37.306956126448824,85.68,3196.4600009141354,0.3196460000914136
2026-03-02 18:00:00+00:00,BNB/USD,BUY,5.151764842971067,639.78,3295.9961112360293,0.3295996111236029
2026-03-02 22:00:00+00:00,TRX/USD,BUY,11281.581344903474,0.2832,3194.943836876664,0.3194943836876664
2026-03-03 05:00:00+00:00,TRX/USD,SELL,11281.581344903474,0.2822,3183.6622555317604,0.31836622555317606
2026-03-03 08:00:00+00:00,SOL/USD,SELL,7.461391225289765,84.26,628.6968246429157,0.06286968246429157
2026-03-03 08:00:00+00:00,SOL/USD,SELL,29.845564901159058,84.26,2514.787298571662,0.25147872985716624
2026-03-03 09:00:00+00:00,BNB/USD,SELL,1.5065737763105156,622.58,937.9627016554009,0.0937962701655401
2026-03-03 09:00:00+00:00,BTC/USD,SELL,0.009221322582780541,66647.98,614.5825230707059,0.06145825230707059
2026-03-03 09:00:00+00:00,BTC/USD,SELL,0.03688529033112216,66647.98,2458.330092282823,0.2458330092282823
2026-03-03 10:00:00+00:00,AAVE/USD,SELL,5.920113548567883,113.39,671.2816752721122,0.06712816752721122
2026-03-03 10:00:00+00:00,AAVE/USD,SELL,23.680454194271533,113.39,2685.126701088449,0.2685126701088449
2026-03-03 10:00:00+00:00,BTC/USD,BUY,0.048926030843972575,66860.3,3271.2091000372598,0.327120910003726
2026-03-03 10:00:00+00:00,TRX/USD,BUY,22336.96705023698,0.2811,6278.921437821616,0.6278921437821616
2026-03-03 11:00:00+00:00,TRX/USD,SELL,4467.393410047396,0.2812,1256.2310269053278,0.12562310269053278
2026-03-03 11:00:00+00:00,TRX/USD,SELL,17869.573640189585,0.2812,5024.924107621311,0.5024924107621311
2026-03-03 12:00:00+00:00,TRX/USD,BUY,26912.137287101817,0.281,7562.310577675611,0.7562310577675612
2026-03-03 13:00:00+00:00,BTC/USD,SELL,0.009785206168794516,66931.31,654.9366674974981,0.06549366674974981
2026-03-03 13:00:00+00:00,TRX/USD,SELL,5382.427457420364,0.2809,1511.92387278938,0.15119238727893802
2026-03-03 13:00:00+00:00,TRX/USD,SELL,21529.709829681455,0.2809,6047.69549115752,0.6047695491157521
2026-03-03 14:00:00+00:00,BTC/USD,SELL,0.03914082467517806,66568.95,2605.563600760694,0.2605563600760694
2026-03-03 14:00:00+00:00,TRX/USD,BUY,38374.75131274303,0.2805,10764.11774322442,1.0764117743224422
2026-03-03 15:00:00+00:00,TRX/USD,SELL,7674.950262548606,0.2808,2155.1260337236486,0.21551260337236486
2026-03-03 15:00:00+00:00,TRX/USD,SELL,30699.801050194423,0.2808,8620.504134894594,0.8620504134894594
2026-03-03 16:00:00+00:00,TRX/USD,BUY,27483.48901766091,0.2806,7711.867018355652,0.7711867018355653
2026-03-03 17:00:00+00:00,TRX/USD,SELL,5496.697803532183,0.2808,1543.4727432318368,0.15434727432318368
2026-03-03 17:00:00+00:00,TRX/USD,SELL,21986.79121412873,0.2808,6173.890972927347,0.6173890972927347
2026-03-03 18:00:00+00:00,BTC/USD,BUY,0.046403578093096774,68628.49,3184.6074951263113,0.31846074951263115
2026-03-03 18:00:00+00:00,TRX/USD,BUY,20148.886252306518,0.2808,5657.80725964767,0.565780725964767
2026-03-03 19:00:00+00:00,TRX/USD,SELL,4029.777250461304,0.2807,1131.1584742044881,0.11311584742044882
2026-03-03 19:00:00+00:00,TRX/USD,SELL,16119.109001845214,0.2807,4524.633896817952,0.45246338968179517
2026-03-03 20:00:00+00:00,TRX/USD,BUY,40772.65682778914,0.2807,11444.884771560412,1.1444884771560413
2026-03-03 21:00:00+00:00,TRX/USD,SELL,8154.531365557828,0.2806,2288.1615011755266,0.22881615011755269
2026-03-03 21:00:00+00:00,TRX/USD,SELL,32618.125462231314,0.2806,9152.646004702106,0.9152646004702107
2026-03-03 22:00:00+00:00,TRX/USD,BUY,55274.4981584822,0.2804,15498.96928363841,1.549896928363841
2026-03-03 23:00:00+00:00,TRX/USD,SELL,11054.89963169644,0.2805,3100.899346690852,0.3100899346690852
2026-03-03 23:00:00+00:00,TRX/USD,SELL,44219.59852678576,0.2805,12403.597386763407,1.2403597386763408
2026-03-04 00:00:00+00:00,TRX/USD,BUY,65682.81262671348,0.2791,18332.073004115733,1.8332073004115734
2026-03-04 00:00:00+00:00,SOL/USD,BUY,38.52329069800712,86.62,3336.8874402613774,0.33368874402613774
2026-03-04 01:00:00+00:00,TRX/USD,SELL,13136.562525342697,0.2793,3669.0419133282153,0.36690419133282154
2026-03-04 01:00:00+00:00,TRX/USD,SELL,52546.25010137078,0.2793,14676.16765331286,1.467616765331286
2026-03-04 02:00:00+00:00,TRX/USD,BUY,70058.04062654472,0.2804,19644.27459168314,1.9644274591683142
2026-03-04 03:00:00+00:00,TRX/USD,SELL,14011.608125308945,0.2802,3926.0525967115664,0.39260525967115667
2026-03-04 03:00:00+00:00,TRX/USD,SELL,56046.43250123578,0.2802,15704.210386846265,1.5704210386846267
2026-03-04 04:00:00+00:00,BNB/USD,BUY,5.617624410381824,629.99,3539.0472022964454,0.3539047202296446
2026-03-04 04:00:00+00:00,TRX/USD,BUY,75702.4986842862,0.2802,21211.840131336994,2.1211840131336994
2026-03-04 05:00:00+00:00,TRX/USD,SELL,15140.49973685724,0.2806,4248.424226162142,0.42484242261621424
2026-03-04 05:00:00+00:00,TRX/USD,SELL,60561.99894742896,0.2806,16993.69690464857,1.699369690464857
2026-03-04 06:00:00+00:00,BTC/USD,BUY,0.04595324690812263,68508.02,3148.1659582466036,0.3148165958246604
2026-03-04 06:00:00+00:00,TRX/USD,BUY,79077.07257006885,0.2827,22355.088415558464,2.2355088415558466
2026-03-04 10:00:00+00:00,BNB/USD,SELL,5.196875971381609,651.27,3384.5694138817007,0.33845694138817006
2026-03-04 10:00:00+00:00,TRX/USD,SELL,62646.67540805016,0.2836,17766.597145723026,1.7766597145723027
2026-03-04 10:00:00+00:00,ETH/USD,BUY,1.9195923284542533,2072.34,3978.0479659488874,0.39780479659488877
2026-03-04 10:00:00+00:00,TAO/USD,BUY,22.36279533389147,190.3,4255.639952039547,0.4255639952039547
2026-03-04 12:00:00+00:00,BTC/USD,BUY,0.048992345388048295,71339.71,3495.099712203203,0.34950997122032035
2026-03-04 16:00:00+00:00,TRX/USD,BUY,12794.878305935326,0.286,3659.335195497503,0.3659335195497503
2026-03-04 18:00:00+00:00,TRX/USD,SELL,23388.59459156677,0.287,6712.526647779662,0.6712526647779663
2026-03-04 18:00:00+00:00,DOGE/USD,BUY,63961.31796052302,0.10217,6534.927856026637,0.6534927856026637
2026-03-04 20:00:00+00:00,BTC/USD,SELL,0.04493228468038303,73019.68,3280.941049030471,0.3280941049030471
2026-03-04 20:00:00+00:00,BNB/USD,SELL,6.447043544242276,660.6,4258.916965326448,0.4258916965326448
2026-03-04 20:00:00+00:00,DOGE/USD,BUY,30804.822379358382,0.10222,3148.868943618014,0.3148868943618014
2026-03-04 22:00:00+00:00,TAO/USD,SELL,16.306878095046354,187.5,3057.5396428211916,0.30575396428211915
2026-03-04 22:00:00+00:00,TRX/USD,BUY,19582.893638611353,0.2874,5628.123631736903,0.5628123631736903
2026-03-05 01:00:00+00:00,DOGE/USD,SELL,94766.1403398814,0.09688,9180.94367612771,0.9180943676127711
2026-03-05 04:00:00+00:00,TRX/USD,BUY,13506.239062279572,0.2851,3850.6287566559063,0.38506287566559066
2026-03-05 04:00:00+00:00,DOGE/USD,BUY,48157.33086745751,0.09678,4660.666481352538,0.4660666481352538
2026-03-05 06:00:00+00:00,TRX/USD,SELL,31138.56533941309,0.2849,8871.37726519879,0.887137726519879
2026-03-05 06:00:00+00:00,DOGE/USD,SELL,38505.10952972133,0.09653,3716.8982229040002,0.37168982229040004
2026-03-05 06:00:00+00:00,BNB/USD,BUY,7.131785358199304,654.4,4667.040338405624,0.46670403384056247
2026-03-05 08:00:00+00:00,BTC/USD,BUY,0.06129110222520866,72333.7,4433.412201027575,0.4433412201027575
2026-03-05 14:00:00+00:00,BTC/USD,SELL,0.06603427504850157,72609.29,4794.701826936414,0.47947018269364144
2026-03-05 15:00:00+00:00,TRX/USD,SELL,1557.4496475730157,0.2832,441.06974019267807,0.04410697401926781
2026-03-05 16:00:00+00:00,TAO/USD,SELL,1.211183447769023,185.6,224.79564790593068,0.02247956479059307
2026-03-05 16:00:00+00:00,TRX/USD,BUY,20294.827295741637,0.2828,5739.377159235735,0.5739377159235736
2026-03-05 17:00:00+00:00,TAO/USD,SELL,4.844733791076092,182.3,883.1949701131717,0.08831949701131718
2026-03-05 17:00:00+00:00,SOL/USD,SELL,7.704658139601425,88.12,678.9344752616776,0.06789344752616776
2026-03-05 22:00:00+00:00,LINK/USD,BUY,348.67237110109056,9.22,3214.7592615520552,0.32147592615520554
2026-03-05 22:00:00+00:00,SUI/USD,BUY,4511.234770099854,0.9584,4323.5674036637,0.43235674036637
2026-03-05 22:00:00+00:00,AAVE/USD,BUY,25.979742124051153,116.94,3038.071043986542,0.3038071043986542
2026-03-06 00:00:00+00:00,BTC/USD,BUY,0.062359553806414336,70988.19,4426.791853924964,0.4426791853924964
2026-03-06 00:00:00+00:00,TRX/USD,BUY,13176.70913710877,0.2854,3760.6327877308427,0.37606327877308426
2026-03-06 02:00:00+00:00,BTC/USD,BUY,0.05879920002531683,71252.43,4189.585883859885,0.41895858838598854
2026-03-06 02:00:00+00:00,TRX/USD,BUY,14463.662930675477,0.2851,4123.590301535579,0.4123590301535579
2026-03-06 04:00:00+00:00,DOGE/USD,SELL,1930.4442675472355,0.09345,180.40001680228917,0.01804000168022892
2026-03-06 04:00:00+00:00,DOGE/USD,SELL,7721.777070188941,0.09345,721.6000672091566,0.07216000672091566
2026-03-06 04:00:00+00:00,BNB/USD,SELL,5.849102076294291,644.15,3767.6991024449676,0.3767699102444968
2026-03-06 04:00:00+00:00,AAVE/USD,SELL,25.979742124051153,117.27,3046.6443588874786,0.30466443588874786
2026-03-06 04:00:00+00:00,BTC/USD,BUY,0.051622148013200975,70613.61,3645.2262271664486,0.3645226227166449
2026-03-06 04:00:00+00:00,ONDO/USD,BUY,31699.79817586533,0.2688,8520.9057496726,0.85209057496726
2026-03-06 05:00:00+00:00,BTC/USD,SELL,0.052890922946104785,70436.19,3725.4350979071965,0.37254350979071965
2026-03-06 08:00:00+00:00,BTC/USD,SELL,0.08226312855436349,70789.49,5823.3649161678295,0.582336491616783
2026-03-06 08:00:00+00:00,LINK/USD,BUY,377.24407994997546,9.21,3474.4179763392744,0.34744179763392746
2026-03-06 08:00:00+00:00,TRX/USD,BUY,16147.499719244224,0.2859,4616.570169731924,0.4616570169731924
2026-03-06 08:00:00+00:00,SUI/USD,BUY,4485.079799130481,0.9576,4294.912415647348,0.42949124156473484
2026-03-06 09:00:00+00:00,ETH/USD,SELL,0.3839184656908507,2060.0,790.8720393231524,0.07908720393231525
2026-03-06 09:00:00+00:00,LINK/USD,SELL,145.18329021021322,9.12,1324.0716067171445,0.13240716067171446
2026-03-06 10:00:00+00:00,ONDO/USD,SELL,6339.959635173066,0.2635,1670.579363868103,0.1670579363868103
2026-03-06 11:00:00+00:00,SUI/USD,SELL,1799.262913846067,0.9403,1691.8469178894568,0.16918469178894568
2026-03-06 11:00:00+00:00,SOL/USD,SELL,30.8186325584057,87.26,2689.2338770464817,0.2689233877046482
2026-03-06 11:00:00+00:00,BNB/USD,SELL,1.2826832819050127,637.45,817.6464580503504,0.08176464580503504
2026-03-06 12:00:00+00:00,BTC/USD,BUY,0.08819430579143217,69907.0,6165.3993349616485,0.6165399334961649
2026-03-06 12:00:00+00:00,ETH/USD,BUY,1.9400041356876545,2048.52,3974.137272038874,0.3974137272038874
2026-03-06 13:00:00+00:00,SUI/USD,SELL,7197.051655384268,0.9193,6616.249586794757,0.6616249586794758
2026-03-06 13:00:00+00:00,ONDO/USD,SELL,25359.838540692264,0.258,6542.838343498604,0.6542838343498605
2026-03-06 13:00:00+00:00,BTC/USD,SELL,0.2174948690214878,69208.0,15052.384895239127,1.5052384895239128
2026-03-06 13:00:00+00:00,ETH/USD,SELL,3.475677998451057,2019.88,7020.452475511322,0.7020452475511322
2026-03-06 13:00:00+00:00,LINK/USD,SELL,580.7331608408529,8.95,5197.561789525633,0.5197561789525633
2026-03-06 16:00:00+00:00,BTC/USD,BUY,0.24679157483835049,68446.52,16892.024463004655,1.6892024463004656
2026-03-06 16:00:00+00:00,BNB/USD,BUY,11.122506117159586,629.2,6998.280848916812,0.6998280848916812
2026-03-06 16:00:00+00:00,ONDO/USD,BUY,12478.11494343244,0.2534,3161.9543266657806,0.31619543266657807
2026-03-06 16:00:00+00:00,LINK/USD,BUY,655.1894421775954,8.74,5726.355724632184,0.5726355724632185
2026-03-06 16:00:00+00:00,ETH/USD,BUY,2.5121669541558935,1971.29,4952.2095950579715,0.49522095950579714
2026-03-06 16:00:00+00:00,SUI/USD,BUY,3944.1404543369135,0.9007,3552.4873072212577,0.35524873072212576
2026-03-06 17:00:00+00:00,BTC/USD,SELL,0.0493583149676701,67955.1,3354.1492294595187,0.3354149229459519
2026-03-06 17:00:00+00:00,BNB/USD,SELL,2.2245012234319175,628.27,1397.5873836455708,0.13975873836455707
2026-03-06 17:00:00+00:00,LINK/USD,SELL,131.03788843551908,8.73,1143.9607660420816,0.11439607660420816
2026-03-06 17:00:00+00:00,ETH/USD,SELL,0.5024333908311788,1966.76,988.1658957511291,0.09881658957511293
2026-03-06 17:00:00+00:00,BTC/USD,SELL,0.1974332598706804,67955.1,13416.596917838075,1.3416596917838075
2026-03-06 17:00:00+00:00,BNB/USD,SELL,8.89800489372767,628.27,5590.349534582283,0.5590349534582283
2026-03-06 17:00:00+00:00,LINK/USD,SELL,524.1515537420763,8.73,4575.843064168326,0.4575843064168326
2026-03-06 17:00:00+00:00,ETH/USD,SELL,2.0097335633247146,1966.76,3952.6635830045157,0.3952663583004516
2026-03-06 18:00:00+00:00,BTC/USD,BUY,0.33833716398355207,68181.2,23068.23384499536,2.3068233844995363
2026-03-06 18:00:00+00:00,TRX/USD,BUY,14856.41661188651,0.2852,4237.050017710033,0.42370500177100334
2026-03-06 19:00:00+00:00,BTC/USD,SELL,0.06766743279671042,68131.79,4610.303321144586,0.46103033211445865
2026-03-06 19:00:00+00:00,BTC/USD,SELL,0.2706697311868417,68131.79,18441.213284578345,1.8441213284578346
2026-03-06 20:00:00+00:00,SUI/USD,SELL,3944.1404543369135,0.9014,3555.248205539294,0.3555248205539294
2026-03-06 20:00:00+00:00,ONDO/USD,SELL,12478.11494343244,0.2548,3179.423687586586,0.3179423687586586
2026-03-06 20:00:00+00:00,BTC/USD,BUY,0.3612981960060449,68111.03,24608.392267113602,2.4608392267113604
2026-03-06 21:00:00+00:00,BTC/USD,SELL,0.07225963920120898,68289.1,4934.545727375281,0.49345457273752813
2026-03-06 21:00:00+00:00,BTC/USD,SELL,0.2890385568048359,68289.1,19738.182909501124,1.9738182909501125
2026-03-06 22:00:00+00:00,BTC/USD,BUY,0.3603774353541443,68319.89,24620.946741877247,2.4620946741877248
2026-03-06 23:00:00+00:00,BTC/USD,SELL,0.07207548707082886,68114.02,4909.351167852179,0.49093511678521795
2026-03-06 23:00:00+00:00,BTC/USD,SELL,0.28830194828331546,68114.02,19637.404671408716,1.9637404671408718
2026-03-07 00:00:00+00:00,BTC/USD,BUY,0.36021201501529876,68290.45,24599.04060080151,2.459904060080151
2026-03-07 01:00:00+00:00,BTC/USD,SELL,0.07204240300305975,68262.01,4917.759234218895,0.49177592342188947
2026-03-07 01:00:00+00:00,BTC/USD,SELL,0.288169612012239,68262.01,19671.03693687558,1.9671036936875579
2026-03-07 02:00:00+00:00,BTC/USD,BUY,0.35974905250800265,68350.04,24588.86212888408,2.4588862128884084
2026-03-07 03:00:00+00:00,BTC/USD,SELL,0.07194981050160053,68095.5,4899.458321011739,0.48994583210117393
2026-03-07 03:00:00+00:00,BTC/USD,SELL,0.2877992420064021,68095.5,19597.833284046956,1.9597833284046957
2026-03-07 04:00:00+00:00,BTC/USD,BUY,0.3607531420294095,68063.43,24554.096229798768,2.455409622979877
2026-03-07 05:00:00+00:00,BTC/USD,SELL,0.0721506284058819,68018.26,4907.560202074661,0.4907560202074661
2026-03-07 05:00:00+00:00,BTC/USD,SELL,0.2886025136235276,68018.26,19630.240808298644,1.9630240808298645
2026-03-07 06:00:00+00:00,BTC/USD,BUY,0.36259750107765143,67690.86,24544.53668179715,2.454453668179715
2026-03-07 07:00:00+00:00,BTC/USD,SELL,0.07251950021553029,67842.67,4919.91652168715,0.491991652168715
2026-03-07 07:00:00+00:00,BTC/USD,SELL,0.29007800086212115,67842.67,19679.6660867486,1.96796660867486
2026-03-07 08:00:00+00:00,TRX/USD,SELL,85168.91428494868,0.2834,24136.870308354453,2.4136870308354452
2026-03-07 08:00:00+00:00,TRX/USD,BUY,86621.56905097407,0.2834,24548.55266904605,2.4548552669046053
2026-03-07 08:00:00+00:00,BTC/USD,BUY,0.3620976153108626,67795.4,24548.552669046054,2.4548552669046053
2026-03-07 09:00:00+00:00,TRX/USD,SELL,17324.313810194813,0.2836,4913.17539657125,0.491317539657125
2026-03-07 09:00:00+00:00,BTC/USD,SELL,0.07241952306217252,68000.0,4924.5275682277315,0.4924527568227732
2026-03-07 09:00:00+00:00,TRX/USD,SELL,69297.25524077925,0.2836,19652.701586285,1.9652701586285
2026-03-07 09:00:00+00:00,BTC/USD,SELL,0.28967809224869007,68000.0,19698.110272910926,1.9698110272910927
2026-03-07 10:00:00+00:00,TRX/USD,BUY,86599.7337971801,0.2837,24568.344478259995,2.4568344478259996
2026-03-07 10:00:00+00:00,BTC/USD,BUY,0.36193624452009715,67880.31,24568.344478259995,2.4568344478259996
2026-03-07 11:00:00+00:00,TRX/USD,SELL,17319.94675943602,0.284,4918.86487967983,0.491886487967983
2026-03-07 11:00:00+00:00,BTC/USD,SELL,0.07238724890401943,68010.01,4923.05752183485,0.49230575218348505
2026-03-07 11:00:00+00:00,BTC/USD,SELL,0.2895489956160777,68010.01,19692.2300873394,1.9692230087339402
2026-03-07 12:00:00+00:00,BTC/USD,BUY,0.3616544470027896,67992.54,24589.804454015048,2.458980445401505
2026-03-07 12:00:00+00:00,TRX/USD,BUY,17212.666194809717,0.2843,4893.560999184402,0.48935609991844026
2026-03-07 13:00:00+00:00,BTC/USD,SELL,0.07233088940055792,67931.06,4913.513987722664,0.4913513987722664
2026-03-07 13:00:00+00:00,BTC/USD,SELL,0.28932355760223166,67931.06,19654.055950890655,1.9654055950890656
2026-03-07 14:00:00+00:00,BTC/USD,BUY,0.36148797537136396,68016.7,24587.21917444145,2.458721917444145
2026-03-07 15:00:00+00:00,BTC/USD,SELL,0.07229759507427279,67877.45,4907.376394774197,0.4907376394774198
2026-03-07 15:00:00+00:00,BTC/USD,SELL,0.28919038029709115,67877.45,19629.50557909679,1.962950557909679
2026-03-07 16:00:00+00:00,BTC/USD,BUY,0.36275045982467774,67783.63,24588.542951085823,2.4588542951085826
2026-03-07 17:00:00+00:00,BTC/USD,SELL,0.07255009196493555,67788.41,4918.0553796567565,0.49180553796567567
2026-03-07 17:00:00+00:00,BTC/USD,SELL,0.2902003678597422,67788.41,19672.221518627026,1.9672221518627027
2026-03-07 18:00:00+00:00,BTC/USD,BUY,0.3641836435219741,67568.13,24607.207769366403,2.4607207769366406
2026-03-07 19:00:00+00:00,BTC/USD,SELL,0.07283672870439482,67080.34,4885.912525978564,0.48859125259785646
2026-03-07 19:00:00+00:00,BTC/USD,SELL,0.29134691481757924,67080.34,19543.650103914253,1.9543650103914254
2026-03-07 20:00:00+00:00,BTC/USD,BUY,0.3644309624970415,67402.98,24563.732876568836,2.456373287656884
2026-03-07 21:00:00+00:00,BTC/USD,SELL,0.0728861924994083,67452.98,4916.390884938737,0.4916390884938737
2026-03-07 21:00:00+00:00,BTC/USD,SELL,0.2915447699976332,67452.98,19665.56353975495,1.9665563539754949
2026-03-07 22:00:00+00:00,BTC/USD,BUY,0.36529460422931964,67258.65,24569.22193274833,2.456922193274833
2026-03-07 23:00:00+00:00,BTC/USD,SELL,0.07305892084586393,67262.91,4914.15561755247,0.49141556175524703
2026-03-07 23:00:00+00:00,BTC/USD,SELL,0.29223568338345574,67262.91,19656.62247020988,1.9656622470209881
2026-03-08 00:00:00+00:00,BTC/USD,BUY,0.3657259248821562,67194.77,24574.869405493766,2.457486940549377
2026-03-08 01:00:00+00:00,BTC/USD,SELL,0.07314518497643124,67297.27,4922.471262558837,0.49224712625588374
2026-03-08 01:00:00+00:00,BTC/USD,SELL,0.292580739905725,67297.27,19689.88505023535,1.968988505023535
2026-03-08 02:00:00+00:00,BTC/USD,BUY,0.36731938485090143,66925.44,24583.011451675913,2.4583011451675914
2026-03-08 03:00:00+00:00,BTC/USD,SELL,0.0734638769701803,67000.26,4922.098857610092,0.4922098857610092
2026-03-08 03:00:00+00:00,BTC/USD,SELL,0.2938555078807211,67000.26,19688.395430440363,1.9688395430440364
2026-03-08 04:00:00+00:00,BTC/USD,BUY,0.36889464692379187,66637.36,24582.16538913361,2.4582165389133612
2026-03-08 05:00:00+00:00,BTC/USD,SELL,0.07377892938475837,67149.93,4954.249943661467,0.49542499436614673
2026-03-08 05:00:00+00:00,BTC/USD,SELL,0.2951157175390335,67149.93,19816.99977464587,1.981699977464587
2026-03-08 06:00:00+00:00,BTC/USD,BUY,0.3666688949969944,67161.52,24626.040324718542,2.4626040324718543
2026-03-08 07:00:00+00:00,BTC/USD,SELL,0.07333377899939889,67319.91,4936.823402199423,0.49368234021994234
2026-03-08 07:00:00+00:00,BTC/USD,SELL,0.29333511599759554,67319.91,19747.293608797692,1.9747293608797694
2026-03-08 08:00:00+00:00,BTC/USD,BUY,0.3649425599525203,67539.33,24647.97598767805,2.4647975987678055
2026-03-08 09:00:00+00:00,BTC/USD,SELL,0.07298851199050406,67681.0,4939.935480029305,0.4939935480029305
2026-03-08 09:00:00+00:00,BTC/USD,SELL,0.29195404796201624,67681.0,19759.74192011722,1.975974192011722
2026-03-08 10:00:00+00:00,BTC/USD,BUY,0.36328148614773303,67904.14,24668.316894783726,2.4668316894783726
2026-03-08 11:00:00+00:00,BTC/USD,SELL,0.07265629722954661,67515.0,4905.38990745284,0.490538990745284
2026-03-08 11:00:00+00:00,BTC/USD,SELL,0.29062518891818645,67515.0,19621.55962981136,1.962155962981136
2026-03-08 12:00:00+00:00,BTC/USD,BUY,0.36586479934477323,67324.72,24631.745173743042,2.4631745173743043
2026-03-08 13:00:00+00:00,BTC/USD,SELL,0.07317295986895465,67234.86,4919.773712574784,0.4919773712574785
2026-03-08 13:00:00+00:00,BTC/USD,SELL,0.29269183947581856,67234.86,19679.094850299134,1.9679094850299135
2026-03-08 14:00:00+00:00,BTC/USD,BUY,0.3659638580385568,67339.76,24643.918368990482,2.4643918368990483
2026-03-08 15:00:00+00:00,BTC/USD,SELL,0.07319277160771136,67218.23,4919.888556264612,0.4919888556264612
2026-03-08 15:00:00+00:00,BTC/USD,SELL,0.29277108643084543,67218.23,19679.554225058448,1.9679554225058449
2026-03-08 16:00:00+00:00,BTC/USD,BUY,0.36853222538874186,66872.15,24644.542256029752,2.4644542256029753
2026-03-08 17:00:00+00:00,BTC/USD,SELL,0.07370644507774837,67065.0,4943.122739139195,0.4943122739139195
2026-03-08 17:00:00+00:00,BTC/USD,SELL,0.2948257803109935,67065.0,19772.49095655678,1.977249095655678
2026-03-08 18:00:00+00:00,BTC/USD,BUY,0.3694469929049883,66804.0,24680.536914024837,2.468053691402484
2026-03-08 19:00:00+00:00,BTC/USD,SELL,0.07388939858099766,67337.42,4975.521465796043,0.49755214657960434
2026-03-08 19:00:00+00:00,BTC/USD,SELL,0.29555759432399065,67337.42,19902.085863184173,1.9902085863184173
2026-03-08 20:00:00+00:00,BTC/USD,BUY,0.36806169006786155,67238.8,24748.02636613493,2.4748026366134934
2026-03-08 21:00:00+00:00,BTC/USD,SELL,0.07361233801357231,67020.01,4933.499629792996,0.49334996297929956
2026-03-08 21:00:00+00:00,BTC/USD,SELL,0.29444935205428924,67020.01,19733.998519171982,1.9733998519171982
2026-03-08 22:00:00+00:00,BTC/USD,BUY,0.3729478703544043,66236.8,24702.87349909061,2.470287349909061
2026-03-08 23:00:00+00:00,BTC/USD,SELL,0.07458957407088086,65971.2,4920.763708944895,0.4920763708944896
2026-03-08 23:00:00+00:00,BTC/USD,SELL,0.29835829628352345,65971.2,19683.05483577958,1.9683054835779583
2026-03-09 00:00:00+00:00,BTC/USD,BUY,0.3718402242899888,66370.01,24679.039404528798,2.4679039404528798
2026-03-09 01:00:00+00:00,BTC/USD,SELL,0.07436804485799776,66196.01,4922.8678411004685,0.4922867841100469
2026-03-09 01:00:00+00:00,BTC/USD,SELL,0.29747217943199106,66196.01,19691.471364401874,1.9691471364401876
2026-03-09 02:00:00+00:00,BTC/USD,BUY,0.370611105301147,66537.32,24659.469708976118,2.465946970897612
2026-03-09 03:00:00+00:00,BTC/USD,SELL,0.0741222210602294,67205.05,4981.38757246377,0.498138757246377
2026-03-09 03:00:00+00:00,BTC/USD,SELL,0.29648888424091757,67205.05,19925.550289855077,1.9925550289855078
2026-03-09 04:00:00+00:00,BTC/USD,BUY,0.36811256973096235,67130.14,24711.448341799263,2.4711448341799263
2026-03-09 05:00:00+00:00,BTC/USD,SELL,0.36811256973096235,67911.16,24998.951621010543,2.4998951621010543
2026-03-09 06:00:00+00:00,BTC/USD,BUY,0.36825194463256744,67267.18,24771.269844948944,2.4771269844948947
2026-03-09 07:00:00+00:00,BTC/USD,SELL,0.07365038892651349,67555.13,4975.46159848118,0.497546159848118
2026-03-09 07:00:00+00:00,BTC/USD,SELL,0.29460155570605395,67555.13,19901.84639392472,1.990184639392472
2026-03-09 08:00:00+00:00,AVAX/USD,BUY,617.3438270278291,9.09,5611.655387682967,0.5611655387682967
2026-03-09 08:00:00+00:00,TAO/USD,BUY,52.30209001619118,196.0,10251.209643173472,1.0251209643173471
2026-03-09 08:00:00+00:00,BTC/USD,BUY,0.07309839980309037,67814.69,4957.1453221426345,0.4957145322142635
2026-03-09 09:00:00+00:00,AVAX/USD,SELL,617.3438270278291,9.11,5624.002264223523,0.5624002264223523
2026-03-09 09:00:00+00:00,BTC/USD,SELL,0.07309839980309037,67981.02,4969.303778981883,0.4969303778981883
2026-03-09 10:00:00+00:00,TRX/USD,SELL,86492.4532325538,0.2852,24667.647661924344,2.4667647661924343
2026-03-09 10:00:00+00:00,ETH/USD,BUY,1.9767857811895493,1995.41,3944.4981156434387,0.3944498115643439
2026-03-09 10:00:00+00:00,TRX/USD,BUY,86725.07979476388,0.2852,24733.992757466658,2.473399275746666
2026-03-09 10:00:00+00:00,TAO/USD,BUY,18.7393165268709,196.1,3674.7799709193837,0.3674779970919384
2026-03-09 11:00:00+00:00,TRX/USD,SELL,17345.015958952776,0.2852,4946.798551493332,0.49467985514933316
2026-03-09 11:00:00+00:00,ETH/USD,SELL,1.9767857811895493,1992.2,3938.1526332858202,0.393815263328582
2026-03-09 11:00:00+00:00,TRX/USD,SELL,69380.0638358111,0.2852,19787.194205973326,1.9787194205973326
2026-03-09 12:00:00+00:00,AVAX/USD,BUY,379.8217870231799,9.14,3471.571133391865,0.3471571133391865
2026-03-09 12:00:00+00:00,TRX/USD,BUY,86660.68570994899,0.285,24698.29542733546,2.469829542733546
2026-03-09 13:00:00+00:00,TRX/USD,SELL,17332.1371419898,0.2852,4943.125512895491,0.4943125512895491
2026-03-09 13:00:00+00:00,TRX/USD,SELL,69328.5485679592,0.2852,19772.502051581963,1.9772502051581964
2026-03-09 14:00:00+00:00,TRX/USD,BUY,86906.6492552739,0.2849,24759.70437282753,2.4759704372827533
2026-03-09 15:00:00+00:00,TRX/USD,SELL,17381.32985105478,0.2854,4960.631539491033,0.4960631539491034
2026-03-09 15:00:00+00:00,TRX/USD,SELL,69525.31940421912,0.2854,19842.526157964134,1.9842526157964135
2026-03-09 16:00:00+00:00,BNB/USD,BUY,8.187521197548923,639.44,5235.428554560684,0.5235428554560684
2026-03-09 16:00:00+00:00,TRX/USD,BUY,17331.65945447838,0.2854,4946.45560830813,0.494645560830813
2026-03-09 16:00:00+00:00,SUI/USD,BUY,5449.951361759433,0.9319,5078.809674023615,0.5078809674023615
2026-03-09 17:00:00+00:00,TRX/USD,SELL,3466.331890895676,0.2857,990.3310212288948,0.09903310212288949
2026-03-09 17:00:00+00:00,TRX/USD,SELL,13865.327563582705,0.2857,3961.324084915579,0.39613240849155795
2026-03-09 18:00:00+00:00,TAO/USD,SELL,19.82995950597313,192.7,3821.2331968010217,0.3821233196801022
2026-03-09 18:00:00+00:00,TRX/USD,BUY,38052.04502023597,0.2856,10867.664057779395,1.0867664057779396
2026-03-09 18:00:00+00:00,AVAX/USD,BUY,386.6879535522572,9.25,3576.8635703583795,0.35768635703583795
2026-03-09 19:00:00+00:00,TRX/USD,SELL,7610.409004047195,0.286,2176.5769751574976,0.21765769751574976
2026-03-09 20:00:00+00:00,TRX/USD,SELL,22813.955674072797,0.286,6524.791322784819,0.652479132278482
2026-03-09 20:00:00+00:00,AVAX/USD,SELL,421.47490941606367,9.37,3949.2199012285164,0.3949219901228517
2026-03-09 20:00:00+00:00,ETH/USD,BUY,2.6468090968377322,2025.89,5362.144081192594,0.5362144081192595
2026-03-09 22:00:00+00:00,TRX/USD,SELL,7627.680342115982,0.2859,2180.753809810959,0.2180753809810959
2026-03-09 22:00:00+00:00,ETH/USD,SELL,2.6468090968377322,2002.53,5300.314620690464,0.5300314620690464
2026-03-09 22:00:00+00:00,AVAX/USD,BUY,339.35500511949346,9.26,3142.4273474065094,0.31424273474065095
2026-03-10 00:00:00+00:00,TRX/USD,BUY,13820.726016125773,0.2857,3948.5814228071335,0.39485814228071336
2026-03-10 01:00:00+00:00,TRX/USD,SELL,2764.1452032251545,0.2857,789.7162845614267,0.07897162845614268
2026-03-10 01:00:00+00:00,TRX/USD,SELL,11056.580812900618,0.2857,3158.865138245707,0.3158865138245707
2026-03-10 04:00:00+00:00,BNB/USD,SELL,6.951998074781035,644.05,4477.434360062725,0.44774343600627253
2026-03-10 04:00:00+00:00,TAO/USD,BUY,37.02125636939606,199.5,7385.740645694515,0.7385740645694515
2026-03-10 10:00:00+00:00,BTC/USD,BUY,0.045050789278400415,70774.04,3188.4263624210816,0.3188426362421082
2026-03-10 12:00:00+00:00,TAO/USD,SELL,22.30898003219312,201.0,4484.104986470817,0.44841049864708166
2026-03-10 12:00:00+00:00,TRX/USD,BUY,22619.143699546355,0.2847,6439.670211260847,0.6439670211260847
2026-03-10 13:00:00+00:00,TRX/USD,SELL,4523.8287399092715,0.2841,1285.2197450082242,0.12852197450082242
2026-03-10 13:00:00+00:00,TRX/USD,SELL,18095.314959637086,0.2841,5140.878980032897,0.5140878980032897
2026-03-10 14:00:00+00:00,AVAX/USD,SELL,324.8492458093516,9.65,3134.795222060243,0.3134795222060243
2026-03-10 14:00:00+00:00,TRX/USD,BUY,42266.28250076618,0.2846,12028.983999718055,1.2028983999718055
2026-03-10 15:00:00+00:00,TRX/USD,SELL,8453.256500153237,0.2844,2404.1061486435806,0.24041061486435808
2026-03-10 15:00:00+00:00,TRX/USD,SELL,33813.02600061295,0.2844,9616.424594574322,0.9616424594574323
2026-03-10 16:00:00+00:00,TAO/USD,SELL,25.886494543645462,207.2,5363.681669443339,0.536368166944334
2026-03-10 16:00:00+00:00,DOGE/USD,BUY,42419.09115603681,0.09982,4234.273679195595,0.42342736791955954
2026-03-10 16:00:00+00:00,TRX/USD,BUY,56190.39117854386,0.2844,15980.547251177873,1.5980547251177875
2026-03-10 17:00:00+00:00,TRX/USD,SELL,11238.078235708774,0.2846,3198.357065882717,0.3198357065882717
2026-03-10 17:00:00+00:00,TRX/USD,SELL,44952.31294283509,0.2846,12793.428263530866,1.2793428263530866
2026-03-10 18:00:00+00:00,DOGE/USD,SELL,42419.09115603681,0.09545,4048.9022508437133,0.40489022508437134
2026-03-10 20:00:00+00:00,TRX/USD,BUY,65159.97258170049,0.285,18570.592185784637,1.8570592185784638
2026-03-10 21:00:00+00:00,TRX/USD,SELL,13031.994516340099,0.2853,3718.0280355118302,0.37180280355118306
2026-03-10 21:00:00+00:00,TRX/USD,SELL,52127.97806536039,0.2853,14872.11214204732,1.487211214204732
2026-03-10 22:00:00+00:00,TRX/USD,BUY,70634.5396350353,0.2854,20159.09761183907,2.015909761183907
2026-03-10 23:00:00+00:00,TRX/USD,SELL,14126.90792700706,0.2858,4037.4702855386176,0.4037470285538618
2026-03-10 23:00:00+00:00,TRX/USD,SELL,56507.63170802824,0.2858,16149.88114215447,1.6149881142154472
2026-03-11 00:00:00+00:00,TRX/USD,BUY,75723.89133714802,0.2854,21611.598587622044,2.1611598587622045
2026-03-11 00:00:00+00:00,FET/USD,BUY,21096.81747843385,0.1562,3295.322890131368,0.3295322890131368
2026-03-11 01:00:00+00:00,TRX/USD,SELL,15144.778267429603,0.286,4331.4065844848665,0.43314065844848665
2026-03-11 01:00:00+00:00,TRX/USD,SELL,60579.11306971841,0.286,17325.626337939466,1.7325626337939466
2026-03-11 02:00:00+00:00,BTC/USD,SELL,0.045050789278400415,69810.72,3145.0280360934134,0.31450280360934135
2026-03-11 02:00:00+00:00,SUI/USD,SELL,3532.0334214331924,0.9511,3359.3169871251093,0.33593169871251094
2026-03-11 02:00:00+00:00,TAO/USD,SELL,18.4591995567823,198.7,3667.8429519326423,0.3667842951932643
2026-03-11 02:00:00+00:00,BNB/USD,BUY,7.218128050292235,641.02,4626.9644427983285,0.46269644427983286
2026-03-11 02:00:00+00:00,TRX/USD,BUY,15095.116433395084,0.286,4317.203299950994,0.4317203299950994
2026-03-11 02:00:00+00:00,FET/USD,BUY,66471.16114077334,0.1553,10322.9713251621,1.03229713251621
2026-03-11 04:00:00+00:00,BNB/USD,SELL,6.767563197657522,644.67,4362.844966633875,0.4362844966633875
2026-03-11 04:00:00+00:00,TRX/USD,SELL,12075.685208503763,0.2868,3463.306517798879,0.3463306517798879
2026-03-11 06:00:00+00:00,FET/USD,BUY,19972.23113139694,0.1578,3151.618072534437,0.3151618072534437
2026-03-11 10:00:00+00:00,TRX/USD,BUY,23010.028429072358,0.2882,6631.490193258654,0.6631490193258653
2026-03-11 10:00:00+00:00,AVAX/USD,BUY,534.0905417744639,9.58,5116.587390199364,0.5116587390199364
2026-03-11 12:00:00+00:00,FET/USD,BUY,23266.65418789054,0.1613,3752.9113205067442,0.37529113205067444
2026-03-11 16:00:00+00:00,TRX/USD,BUY,14147.008937904517,0.2908,4113.950199142633,0.41139501991426336
2026-03-11 18:00:00+00:00,TRX/USD,SELL,32104.685213600533,0.2904,9323.200586029594,0.9323200586029594
2026-03-11 18:00:00+00:00,AVAX/USD,SELL,544.9246932245549,9.74,5307.566512007164,0.5307566512007165
2026-03-11 18:00:00+00:00,FET/USD,BUY,21145.01313913992,0.16,3383.202102262387,0.3383202102262387
2026-03-11 20:00:00+00:00,FET/USD,SELL,43213.353329164645,0.1603,6927.100538665092,0.6927100538665093
2026-03-11 20:00:00+00:00,SUI/USD,BUY,10452.47900440898,0.9869,10315.551529451222,1.0315551529451223
2026-03-12 00:00:00+00:00,BNB/USD,BUY,6.012937590822578,652.08,3920.916344223587,0.3920916344223587
2026-03-12 00:00:00+00:00,TRX/USD,BUY,17795.193050038833,0.2907,5173.062619646289,0.5173062619646289
2026-03-12 02:00:00+00:00,AVAX/USD,SELL,69.74128780388487,9.45,659.055169746712,0.0659055169746712
2026-03-12 02:00:00+00:00,SUI/USD,SELL,3116.7597495566442,0.9649,3007.3614823472058,0.3007361482347206
2026-03-12 02:00:00+00:00,TRX/USD,BUY,17984.83969348437,0.2901,5217.401995079816,0.5217401995079816
2026-03-12 04:00:00+00:00,TRX/USD,BUY,12674.37145958082,0.2897,3671.7654118405635,0.36717654118405635
2026-03-12 04:00:00+00:00,FET/USD,BUY,24329.57806876945,0.1584,3853.805166093081,0.3853805166093081
2026-03-12 08:00:00+00:00,SUI/USD,SELL,3594.9022997079646,0.9799,3522.6447634838346,0.3522644763483835
2026-03-12 08:00:00+00:00,TRX/USD,BUY,15233.380371748273,0.2899,4416.156969769824,0.44161569697698244
2026-03-12 08:00:00+00:00,TAO/USD,BUY,17.74886699364861,206.5,3665.1410341884375,0.3665141034188438
2026-03-12 10:00:00+00:00,AVAX/USD,BUY,396.2819704420522,9.62,3812.232555652542,0.3812232555652542
2026-03-12 14:00:00+00:00,AVAX/USD,SELL,342.1399122603404,9.51,3253.750565595837,0.3253750565595837
2026-03-12 14:00:00+00:00,TAO/USD,BUY,19.75303541674851,210.2,4152.088044600537,0.4152088044600537
2026-03-12 16:00:00+00:00,TRX/USD,BUY,11897.202088978636,0.2892,3440.670844132622,0.3440670844132622
2026-03-12 18:00:00+00:00,BNB/USD,SELL,7.699025566225179,647.95,4988.583615635605,0.49885836156356056
2026-03-12 18:00:00+00:00,SUI/USD,SELL,4606.568513874572,0.9719,4477.123938634697,0.4477123938634697
2026-03-12 18:00:00+00:00,AVAX/USD,SELL,333.1072093972513,9.54,3177.8427776497774,0.31778427776497775
2026-03-12 18:00:00+00:00,TAO/USD,BUY,22.8781902277956,211.0,4827.298138064872,0.48272981380648716
2026-03-13 00:00:00+00:00,TAO/USD,SELL,22.814400760879366,220.9,5039.701128078252,0.5039701128078252
2026-03-13 00:00:00+00:00,FET/USD,SELL,18819.73984502128,0.1848,3477.8879233599323,0.34778879233599325
2026-03-13 00:00:00+00:00,TRX/USD,SELL,37209.23083403263,0.2903,10801.839711119672,1.0801839711119672
2026-03-13 02:00:00+00:00,TRX/USD,SELL,19148.2655280933,0.2902,5556.826656252676,0.5556826656252676
2026-03-13 02:00:00+00:00,TAO/USD,SELL,14.259048029685118,232.4,3313.8027620988214,0.33138027620988214
2026-03-13 02:00:00+00:00,FET/USD,BUY,22597.41822169366,0.1848,4176.002887368988,0.4176002887368988
2026-03-13 04:00:00+00:00,TRX/USD,SELL,21816.921391826218,0.2899,6324.72551149042,0.632472551149042
2026-03-13 04:00:00+00:00,TAO/USD,BUY,15.968901326414489,228.9,3655.2815136162767,0.3655281513616277
2026-03-13 06:00:00+00:00,FET/USD,SELL,22398.17615181407,0.1821,4078.7078772453424,0.4078707877245343
2026-03-13 06:00:00+00:00,TAO/USD,BUY,14.341381527981504,230.0,3298.517751435746,0.3298517751435746
2026-03-13 14:00:00+00:00,FET/USD,SELL,18998.433883029604,0.1813,3444.416062993267,0.34444160629932674
2026-03-13 14:00:00+00:00,TAO/USD,BUY,17.864755491962626,245.6,4387.583948826021,0.4387583948826021
2026-03-13 16:00:00+00:00,TRX/USD,BUY,21545.892932635194,0.29,6248.308950464206,0.6248308950464206
2026-03-13 18:00:00+00:00,TRX/USD,BUY,18594.185926571317,0.2909,5409.048686039596,0.5409048686039596
2026-03-13 20:00:00+00:00,TRX/USD,BUY,13211.77934489536,0.2917,3853.8760349059767,0.3853876034905977
2026-03-14 00:00:00+00:00,TRX/USD,BUY,15214.899674415916,0.2933,4462.530074506189,0.44625300745061885
2026-03-14 06:00:00+00:00,TAO/USD,SELL,41.00363238018505,239.1,9803.968502102245,0.9803968502102246
2026-03-14 06:00:00+00:00,FET/USD,SELL,24325.993195085815,0.1802,4383.543973754464,0.4383543973754464
2026-03-14 06:00:00+00:00,TRX/USD,BUY,13985.605830434564,0.294,4111.7681141477615,0.4111768114147762
2026-03-14 08:00:00+00:00,TAO/USD,SELL,30.314369273529714,238.9,7242.102819446249,0.7242102819446249
2026-03-14 08:00:00+00:00,SOL/USD,BUY,67.3754593103984,87.15,5871.771278901221,0.5871771278901221
2026-03-14 09:00:00+00:00,SOL/USD,SELL,13.47509186207968,86.85,1170.3117282216201,0.11703117282216202
2026-03-14 09:00:00+00:00,SOL/USD,SELL,53.90036744831872,86.85,4681.2469128864805,0.4681246912886481
2026-03-14 10:00:00+00:00,TAO/USD,BUY,19.85371371879966,234.8,4661.651981174161,0.46616519811741614
2026-03-14 12:00:00+00:00,FET/USD,SELL,21033.68608224116,0.1761,3704.032119082669,0.3704032119082669
2026-03-14 18:00:00+00:00,TAO/USD,BUY,13.480446042185562,238.6,3216.434425665475,0.32164344256654753
2026-03-15 00:00:00+00:00,FET/USD,SELL,21048.550279459243,0.1803,3795.0536153865014,0.37950536153865017
2026-03-15 14:00:00+00:00,TAO/USD,SELL,15.19148000939959,274.7,4173.099558582067,0.41730995585820674
2026-03-15 18:00:00+00:00,FET/USD,BUY,18692.661744115718,0.1977,3695.539226811677,0.3695539226811677
2026-03-16 02:00:00+00:00,TAO/USD,SELL,13.9013185763859,275.7,3832.5935315095926,0.38325935315095927
2026-03-16 04:00:00+00:00,TRX/USD,SELL,69856.26973141848,0.298,20817.168379962706,2.0817168379962707
2026-03-16 04:00:00+00:00,LINK/USD,BUY,576.8568503196082,9.75,5624.354290616179,0.5624354290616179
2026-03-16 04:00:00+00:00,SOL/USD,BUY,49.98223531811802,93.62,4679.33687048221,0.46793368704822097
2026-03-16 06:00:00+00:00,FET/USD,BUY,22831.599626083655,0.2054,4689.610563197582,0.46896105631975826
2026-03-16 08:00:00+00:00,ETH/USD,BUY,1.5511706729857802,2243.54,3480.113451670517,0.34801134516705173
2026-03-16 08:00:00+00:00,FET/USD,BUY,16941.06314358939,0.2094,3547.458622267618,0.3547458622267618
2026-03-16 10:00:00+00:00,LINK/USD,SELL,356.14024493693694,9.72,3461.683180787027,0.34616831807870274
2026-03-16 10:00:00+00:00,TRX/USD,SELL,11883.478426042835,0.2983,3544.8416144885778,0.3544841614488578
2026-03-16 14:00:00+00:00,SOL/USD,SELL,37.2896918769936,93.6,3490.315159686601,0.3490315159686601
2026-03-16 14:00:00+00:00,FET/USD,BUY,17879.421960014704,0.2266,4051.477016139332,0.4051477016139332
2026-03-16 16:00:00+00:00,TRX/USD,BUY,19942.842968110577,0.2987,5956.9271945746295,0.5956927194574629
2026-03-16 19:00:00+00:00,TRX/USD,SELL,5247.562161549613,0.2961,1553.8031560348402,0.15538031560348403
2026-03-16 22:00:00+00:00,TRX/USD,SELL,11933.427868649287,0.2956,3527.521277972729,0.35275212779727294
2026-03-17 00:00:00+00:00,ETH/USD,BUY,2.0995386840390253,2357.62,4949.914392264087,0.4949914392264087
2026-03-17 02:00:00+00:00,TAO/USD,SELL,11.992040199941956,285.8,3427.325089143411,0.3427325089143411
2026-03-17 06:00:00+00:00,ETH/USD,BUY,1.8624593168999857,2315.34,4312.226554791213,0.4312226554791213
2026-03-17 08:00:00+00:00,FET/USD,SELL,23061.67958474868,0.2402,5539.415436256632,0.5539415436256633
2026-03-17 08:00:00+00:00,TRX/USD,BUY,15025.219058057432,0.2998,4504.560673605618,0.4504560673605618
2026-03-17 10:00:00+00:00,TRX/USD,BUY,20432.008585526983,0.3017,6164.336990253491,0.6164336990253492
2026-03-17 12:00:00+00:00,SUI/USD,SELL,1052.16638159604,1.013,1065.8445445567886,0.10658445445567886
2026-03-17 12:00:00+00:00,TRX/USD,BUY,13957.08859103988,0.3024,4220.623589930459,0.42206235899304595
2026-03-17 12:00:00+00:00,AAVE/USD,BUY,36.43251822754979,120.91,4405.0557788930455,0.44050557788930456
2026-03-17 14:00:00+00:00,ETH/USD,BUY,2.16490620482203,2343.45,5073.349445690185,0.5073349445690185
2026-03-17 16:00:00+00:00,TRX/USD,BUY,16589.35332602026,0.3043,5048.140217107965,0.5048140217107966
2026-03-17 22:00:00+00:00,ETH/USD,SELL,1.7359814533390452,2329.54,4044.0382348114395,0.40440382348114395
2026-03-18 00:00:00+00:00,TRX/USD,BUY,11948.815712431533,0.3083,3683.819884142642,0.3683819884142642
2026-03-18 02:00:00+00:00,FET/USD,BUY,20928.61717536152,0.2354,4926.596483080102,0.49265964830801023
2026-03-18 02:00:00+00:00,SOL/USD,BUY,37.895543500532945,94.94,3597.802899940598,0.3597802899940598
2026-03-18 06:00:00+00:00,FET/USD,SELL,25856.030872887917,0.2265,5856.390992709114,0.5856390992709114
2026-03-18 06:00:00+00:00,TAO/USD,SELL,13.991030789393998,278.0,3889.5065594515313,0.38895065594515316
2026-03-18 06:00:00+00:00,SOL/USD,SELL,40.04319985697502,94.21,3772.4698585256165,0.37724698585256167
2026-03-18 08:00:00+00:00,TRX/USD,SELL,68854.49199919746,0.3027,20842.254728157073,2.0842254728157075
2026-03-18 08:00:00+00:00,FET/USD,SELL,17853.711835076043,0.2247,4011.729049341587,0.40117290493415875
2026-03-18 08:00:00+00:00,AAVE/USD,SELL,27.496297234583523,120.59,3315.778483518427,0.33157784835184273
2026-03-18 08:00:00+00:00,ETH/USD,BUY,3.8067502273914515,2322.59,8841.520010637112,0.8841520010637113
2026-03-18 10:00:00+00:00,TRX/USD,SELL,14537.973605169593,0.3037,4415.182583890006,0.4415182583890006
2026-03-18 10:00:00+00:00,XRP/USD,BUY,2759.8086195252367,1.5111,4170.346804964585,0.41703468049645853
2026-03-18 11:00:00+00:00,FET/USD,SELL,11908.576391746847,0.2226,2650.849104802848,0.2650849104802848
2026-03-18 11:00:00+00:00,LINK/USD,SELL,44.14332107653425,9.56,422.01014949166745,0.04220101494916675
2026-03-18 11:00:00+00:00,SOL/USD,SELL,2.108977416936469,92.0,194.02592235815513,0.019402592235815513
2026-03-18 11:00:00+00:00,ETH/USD,SELL,1.9497687305598455,2269.34,4424.68817100868,0.442468817100868
2026-03-18 11:00:00+00:00,AAVE/USD,SELL,1.7872441985932541,117.37,209.76885158889024,0.020976885158889024
2026-03-18 11:00:00+00:00,XRP/USD,SELL,551.9617239050474,1.4895,822.1469877565681,0.08221469877565682
2026-03-18 12:00:00+00:00,AAVE/USD,SELL,7.148976794373016,115.43,825.2063913744772,0.08252063913744773
2026-03-18 12:00:00+00:00,LINK/USD,SELL,176.57328430613697,9.39,1658.0231396346262,0.16580231396346262
2026-03-18 12:00:00+00:00,SOL/USD,SELL,8.435909667745875,90.43,762.8593112542595,0.07628593112542596
2026-03-18 14:00:00+00:00,XRP/USD,SELL,2207.8468956201896,1.446,3192.546611066794,0.31925466110667944
2026-03-18 14:00:00+00:00,ETH/USD,SELL,7.799074922239382,2190.27,17082.07982993325,1.708207982993325
2026-03-18 16:00:00+00:00,FET/USD,SELL,27500.40962973087,0.2168,5962.088807725653,0.5962088807725654
2026-03-18 16:00:00+00:00,ETH/USD,BUY,3.590919649431664,2181.0,7831.795755410459,0.7831795755410459
2026-03-18 16:00:00+00:00,TRX/USD,BUY,38009.74282655297,0.3025,11497.947205032273,1.1497947205032273
2026-03-18 17:00:00+00:00,ETH/USD,SELL,0.7181839298863328,2204.02,1582.8917451480752,0.15828917451480753
2026-03-18 17:00:00+00:00,ETH/USD,SELL,2.8727357195453314,2204.02,6331.566980592301,0.6331566980592301
2026-03-18 18:00:00+00:00,ETH/USD,BUY,2.162140096473079,2181.2,4716.059978427079,0.4716059978427079
2026-03-18 19:00:00+00:00,ETH/USD,SELL,0.4324280192946158,2185.85,945.2227859751358,0.09452227859751358
2026-03-18 19:00:00+00:00,ETH/USD,SELL,1.729712077178463,2185.85,3780.8911439005433,0.3780891143900543
2026-03-18 20:00:00+00:00,ETH/USD,BUY,1.8529634559252572,2187.36,4053.0981449526707,0.4053098144952671
2026-03-18 21:00:00+00:00,ETH/USD,SELL,0.37059269118505145,2202.49,816.2266964081639,0.0816226696408164
2026-03-18 21:00:00+00:00,ETH/USD,SELL,1.4823707647402058,2202.49,3264.9067856326556,0.3264906785632656
2026-03-18 22:00:00+00:00,ETH/USD,BUY,1.7872303488760117,2194.41,3921.9161498770086,0.3921916149877009
2026-03-18 23:00:00+00:00,ETH/USD,SELL,0.3574460697752024,2203.39,787.5930956819831,0.07875930956819831
2026-03-18 23:00:00+00:00,ETH/USD,SELL,1.4297842791008093,2203.39,3150.372382727932,0.3150372382727932
2026-03-19 00:00:00+00:00,ETH/USD,BUY,1.7780153924109512,2193.34,3899.792280790636,0.38997922807906366
